1.610768139362335205e-01,-2.170213937759399414e+00
-4.329794049263000488e-01,-6.347386837005615234e-01
-1.904585361480712891e-01,-3.772174194455146790e-02
3.330809772014617920e-01,5.976981520652770996e-01
-6.969490647315979004e-01,-4.083895981311798096e-01
3.984972834587097168e-01,-1.581904053688049316e+00
-6.269446015357971191e-01,-9.904814958572387695e-01
-1.223391413688659668e+00,-1.358343839645385742e+00
-9.045816659927368164e-01,1.023559212684631348e+00
1.377776861190795898e+00,3.253129422664642334e-01
-1.144937276840209961e+00,4.013215005397796631e-02
6.708020716905593872e-02,1.019433379173278809e+00
-2.331691741943359375e+00,-8.152988553047180176e-01
-5.265858173370361328e-01,4.495829641819000244e-01
-6.084443330764770508e-01,9.154776930809020996e-01
8.720036745071411133e-01,-6.581567525863647461e-01
-1.474796533584594727e+00,4.784867167472839355e-01
-1.046596616506576538e-01,4.217276573181152344e-01
4.262854754924774170e-01,9.955159425735473633e-01
3.313810005784034729e-02,-1.325391530990600586e-01
-1.148960113525390625e+00,-2.038724184036254883e+00
2.113002777099609375e+00,1.755326151847839355e+00
-1.325580000877380371e+00,9.961333274841308594e-01
5.440691709518432617e-01,7.215133905410766602e-01
2.532945871353149414e-01,-6.240168809890747070e-01
7.515527606010437012e-01,3.079404309391975403e-02
5.838653072714805603e-02,-7.508281618356704712e-02
-9.037078022956848145e-01,-5.074450969696044922e-01
-6.117894649505615234e-01,-6.337205171585083008e-01
-1.301619172096252441e+00,7.324446439743041992e-01
2.500434815883636475e-01,-9.984887391328811646e-02
8.596640229225158691e-01,3.863021433353424072e-01
6.833790540695190430e-01,-1.117224574089050293e+00
-8.412538170814514160e-01,1.880068421363830566e+00
-1.373995184898376465e+00,-4.643050022423267365e-03
-1.830830097198486328e+00,1.713501363992691040e-01
-1.116335868835449219e+00,1.996194481849670410e+00
-1.265077829360961914e+00,-7.932084202766418457e-01
5.269812941551208496e-01,5.886789560317993164e-01
6.764637827873229980e-01,-7.322473526000976562e-01
6.596111059188842773e-01,-1.422346830368041992e+00
9.346492886543273926e-01,-2.209232002496719360e-01
-3.208163976669311523e-01,9.668019413948059082e-01
-4.401311576366424561e-01,2.662641406059265137e-01
-4.860924780368804932e-01,-3.334473073482513428e-01
-1.457879543304443359e+00,-1.142566353082656860e-01
-1.607047200202941895e+00,-1.338698863983154297e+00
-4.623301923274993896e-01,1.910598158836364746e+00
-5.701985359191894531e-01,6.571821570396423340e-01
2.198684066534042358e-01,8.832714557647705078e-01
1.369973301887512207e+00,1.498767919838428497e-02
-1.287229776382446289e+00,-5.407606959342956543e-01
-2.480971515178680420e-01,-5.581163763999938965e-01
2.759078145027160645e-01,-1.127468466758728027e+00
-4.345823526382446289e-01,8.150272071361541748e-02
-7.550877928733825684e-01,-4.424390494823455811e-01
1.626321673393249512e-01,-6.149804592132568359e-01
2.724967896938323975e-01,8.042006492614746094e-01
5.769704580307006836e-01,5.005732774734497070e-01
1.035544499754905701e-01,-7.211661934852600098e-01
-1.515992879867553711e+00,-1.690075755119323730e+00
9.153454899787902832e-01,-5.294130444526672363e-01
-7.873849943280220032e-03,7.287909984588623047e-01
-8.232267498970031738e-01,1.229315757751464844e+00
-1.286956429481506348e+00,-8.460952341556549072e-02
5.679073929786682129e-01,-5.651385188102722168e-01
8.460621833801269531e-01,4.712174236774444580e-01
3.710269331932067871e-01,-1.137737333774566650e-01
2.853249199688434601e-02,-4.354865550994873047e-01
-6.899239122867584229e-02,4.680107235908508301e-01
-1.027160286903381348e+00,-1.601736545562744141e+00
-1.165730118751525879e+00,5.591691732406616211e-01
-1.178609609603881836e+00,-5.005539059638977051e-01
-5.322812795639038086e-01,-7.739785909652709961e-01
7.139940857887268066e-01,-5.083508491516113281e-01
-9.629149436950683594e-01,-8.139992356300354004e-01
1.779640913009643555e+00,8.282955288887023926e-01
-1.827300906181335449e+00,1.696629971265792847e-01
1.027417659759521484e+00,-1.462081551551818848e+00
4.519640207290649414e-01,4.504858553409576416e-01
2.163764089345932007e-02,7.290851473808288574e-01
6.823412328958511353e-02,-1.005473807454109192e-01
-2.978547215461730957e-01,-8.218326568603515625e-01
-2.245332241058349609e+00,-1.323362231254577637e+00
1.510828375816345215e+00,-5.707212686538696289e-01
1.773588955402374268e-01,-2.118303328752517700e-01
-8.341463208198547363e-01,-4.239056110382080078e-01
2.063065767288208008e+00,-1.403937339782714844e+00
-5.927731990814208984e-01,9.199159145355224609e-01
8.954099416732788086e-01,-7.799261808395385742e-02
-5.986491441726684570e-01,-5.754654407501220703e-01
-2.118076324462890625e+00,8.016109466552734375e-01
1.182126283645629883e+00,3.446464538574218750e-01
1.133033156394958496e+00,-4.432014538906514645e-04
1.721727132797241211e+00,1.814569473266601562e+00
1.233639717102050781e+00,-1.631890535354614258e+00
9.132950752973556519e-02,-5.630075931549072266e-01
2.242155313491821289e+00,1.512742042541503906e-01
-4.117083847522735596e-01,1.064304232597351074e+00
-4.343651235103607178e-01,-9.527152180671691895e-01
9.710726737976074219e-01,-1.320008397102355957e+00
3.639757633209228516e-01,-1.586700603365898132e-02
-1.119338035583496094e+00,5.706978440284729004e-01
-5.503857731819152832e-01,-7.797245979309082031e-01
-1.278281211853027344e+00,-1.028600931167602539e+00
6.494257450103759766e-01,-1.203397363424301147e-01
-3.416329026222229004e-01,1.462860256433486938e-01
3.828915357589721680e-01,-5.560605973005294800e-02
-6.123657226562500000e-01,2.223624706268310547e+00
8.851550817489624023e-01,-4.204795658588409424e-01
-3.013912215828895569e-02,-4.150384962558746338e-01
-1.521449208259582520e+00,1.355970025062561035e+00
1.185225844383239746e+00,-3.982450366020202637e-01
1.267929553985595703e+00,-1.246156334877014160e+00
-2.971115708351135254e-01,-7.050213217735290527e-01
-1.318276673555374146e-01,-5.133732557296752930e-01
-7.144084572792053223e-01,-6.157120466232299805e-01
1.949533969163894653e-01,1.232320666313171387e-01
3.017120063304901123e-01,-1.902563720941543579e-01
-3.281190097332000732e-01,-2.608410716056823730e-01
8.871480226516723633e-01,8.054950237274169922e-01
2.237411588430404663e-01,-1.731400489807128906e+00
-3.867078423500061035e-01,3.646823167800903320e-01
8.766999840736389160e-01,-2.587102055549621582e-01
-7.748188376426696777e-01,3.356088697910308838e-01
8.735362291336059570e-01,-7.764253616333007812e-01
-1.058970332145690918e+00,-8.887071013450622559e-01
-2.858800590038299561e-01,8.705033063888549805e-01
7.573783993721008301e-01,4.446688294410705566e-01
2.283750057220458984e+00,8.653955906629562378e-02
1.274588227272033691e+00,1.104608058929443359e+00
8.137360811233520508e-01,3.306864574551582336e-02
-1.283793747425079346e-01,-1.692668676376342773e+00
2.869130969047546387e-01,-3.241216838359832764e-01
-1.042409658432006836e+00,-4.223772287368774414e-01
-3.858713209629058838e-01,-1.661795496940612793e+00
-4.551849663257598877e-01,-1.772672295570373535e+00
1.074285745620727539e+00,-5.825391411781311035e-02
8.914173245429992676e-01,9.316124767065048218e-02
1.091570734977722168e+00,-9.338048100471496582e-01
7.256114482879638672e-01,-8.222263455390930176e-01
-3.162864148616790771e-01,-3.394572436809539795e-01
-1.998408317565917969e+00,-3.055081069469451904e-01
-8.608422279357910156e-01,-3.216916024684906006e-01
-1.545505970716476440e-01,1.467256069183349609e+00
8.600955009460449219e-01,-1.812821149826049805e+00
-1.539901942014694214e-01,-5.103957653045654297e-01
-1.220114350318908691e+00,1.186509728431701660e+00
-1.526580333709716797e+00,-4.164652526378631592e-01
-8.837496042251586914e-01,5.279653072357177734e-01
2.678270041942596436e-01,1.378163933753967285e+00
2.709466218948364258e-01,-4.557811021804809570e-01
-6.318240761756896973e-01,1.820561289787292480e+00
3.521390855312347412e-01,1.148217320442199707e+00
-1.257423281669616699e+00,-1.165506914258003235e-01
1.053779840469360352e+00,8.151487708091735840e-01
-7.723467350006103516e-01,1.362394690513610840e+00
1.878935843706130981e-01,-8.022142052650451660e-01
6.742060184478759766e-01,1.418718218803405762e+00
-7.482466697692871094e-01,2.243161648511886597e-01
1.181746125221252441e+00,-3.334720432758331299e-01
-4.012052118778228760e-01,-1.155167579650878906e+00
5.234235525131225586e-01,-4.982503056526184082e-01
-1.350928306579589844e+00,-2.187076330184936523e+00
-2.692685723304748535e-01,-1.607126891613006592e-01
-6.496031582355499268e-02,-3.179253935813903809e-01
-1.355355143547058105e+00,-7.794625759124755859e-01
-6.811773777008056641e-01,-1.418908476829528809e+00
-1.996471285820007324e-01,-3.242530822753906250e-01
-9.485621005296707153e-02,-1.561220526695251465e+00
6.528414785861968994e-02,1.328799128532409668e-02
-5.512850880622863770e-01,1.206871509552001953e+00
1.349853426218032837e-01,2.631898880004882812e+00
3.656253814697265625e-01,-2.760687172412872314e-01
1.442534029483795166e-01,1.439510107040405273e+00
-3.420338332653045654e-01,-2.169312000274658203e+00
2.581055879592895508e+00,2.493494898080825806e-01
-8.820934593677520752e-02,-8.025103211402893066e-01
-2.312384098768234253e-01,-5.511472821235656738e-01
-4.187840521335601807e-01,5.781358480453491211e-01
-8.178415298461914062e-01,-4.569983780384063721e-01
-5.352790951728820801e-01,5.513238310813903809e-01
-1.348846256732940674e-01,2.148025512695312500e+00
-1.392150074243545532e-01,-5.502885580062866211e-01
3.507015407085418701e-01,-2.328078150749206543e-01
1.733700871467590332e+00,-9.332273602485656738e-01
-7.429338246583938599e-02,1.437707901000976562e+00
6.265508532524108887e-01,7.406325340270996094e-01
1.338484734296798706e-01,2.439732402563095093e-01
-9.496954083442687988e-01,5.225847363471984863e-01
-2.148448675870895386e-02,-4.395529627799987793e-01
-2.048150077462196350e-02,-1.514000177383422852e+00
-2.582741379737854004e-01,2.455671876668930054e-01
-1.026070833206176758e+00,-1.290873289108276367e+00
-3.195110261440277100e-01,1.224367097020149231e-01
-1.339295029640197754e+00,3.463375806808471680e+00
1.297647118568420410e+00,1.568780183792114258e+00
-1.114129662513732910e+00,-2.390555292367935181e-01
2.167611122131347656e+00,-1.084052801132202148e+00
1.125596240162849426e-01,1.517891049385070801e+00
3.362052738666534424e-01,-9.344242215156555176e-01
7.627647519111633301e-01,1.102604150772094727e+00
-5.913255214691162109e-01,6.207461357116699219e-01
-2.411332875490188599e-01,-1.237825632095336914e+00
9.524980187416076660e-01,-4.792113304138183594e-01
5.380487442016601562e-01,-1.137200236320495605e+00
7.108836174011230469e-01,-1.999469399452209473e+00
1.350124716758728027e+00,8.320119976997375488e-01
6.257515400648117065e-02,-1.230565607547760010e-01
8.816391974687576294e-02,1.531443834304809570e+00
-6.638993024826049805e-01,-1.031610727310180664e+00
-2.099806785583496094e+00,1.411647200584411621e+00
-1.397252321243286133e+00,1.446502655744552612e-01
3.083274960517883301e-01,-1.281924992799758911e-01
-5.787351727485656738e-01,-6.934396624565124512e-01
7.430401444435119629e-01,3.681741356849670410e-01
5.359051227569580078e-01,8.086110353469848633e-01
-3.788263201713562012e-01,-9.315382838249206543e-01
-2.116122484207153320e+00,-2.902151048183441162e-01
1.406443834304809570e+00,1.737661242485046387e+00
1.427740454673767090e-01,5.673640966415405273e-01
2.887561798095703125e+00,9.941242337226867676e-01
7.729468345642089844e-01,1.740149378776550293e+00
-7.988238334655761719e-01,-6.344228237867355347e-02
-1.439560532569885254e+00,1.940707564353942871e-01
-2.885411120951175690e-02,-6.220266222953796387e-01
-1.088490858674049377e-01,3.104921579360961914e-01
-3.325720131397247314e-01,1.231144070625305176e+00
1.169732213020324707e+00,-6.838451623916625977e-01
-9.688999056816101074e-01,1.835326313972473145e+00
-8.185561299324035645e-01,1.226873159408569336e+00
-1.003108859062194824e+00,9.587385058403015137e-01
6.129639744758605957e-01,5.395067334175109863e-01
-1.890299439430236816e+00,1.533772706985473633e+00
-1.335831880569458008e+00,-3.119696080684661865e-01
-2.530823945999145508e-01,9.725149273872375488e-01
4.631892740726470947e-01,1.119700431823730469e+00
5.183687806129455566e-01,-5.300974845886230469e-01
4.254200309514999390e-02,2.430850863456726074e-01
2.920703403651714325e-02,-2.760845422744750977e-01
-3.389325141906738281e-01,1.504191160202026367e+00
-9.702603816986083984e-01,8.306829333305358887e-01
-7.194090634584426880e-03,1.591461539268493652e+00
5.415807962417602539e-01,2.773900985717773438e+00
2.120170354843139648e+00,1.278911978006362915e-01
1.130316734313964844e+00,-6.416291594505310059e-01
-4.698728621006011963e-01,-5.311495065689086914e-01
1.044646501541137695e+00,-1.766678929328918457e+00
9.315813183784484863e-01,9.712209701538085938e-01
9.225363731384277344e-01,-2.017246186733245850e-01
5.198216438293457031e-01,1.196149230003356934e+00
-5.792465806007385254e-01,-1.506860136985778809e+00
-7.010084390640258789e-01,1.738493680953979492e+00
-1.315860301256179810e-01,1.911626100540161133e+00
-4.731889814138412476e-02,9.799383878707885742e-01
8.617485165596008301e-01,-8.961251974105834961e-01
-2.318307757377624512e-01,-1.025039434432983398e+00
2.894095480442047119e-01,1.165298148989677429e-01
-5.818225741386413574e-01,4.122505187988281250e-01
3.656256794929504395e-01,-5.606901645660400391e-01
2.442250013351440430e+00,-5.663750171661376953e-01
1.659767985343933105e+00,-8.352206647396087646e-02
3.147401332855224609e+00,-1.321623325347900391e+00
-1.668083518743515015e-01,4.551605880260467529e-01
4.345358610153198242e-01,-5.936958789825439453e-01
-1.181499004364013672e+00,6.813826560974121094e-01
-4.395142197608947754e-01,5.622504949569702148e-01
-2.722851932048797607e-01,-9.600014984607696533e-02
-1.177065521478652954e-01,4.552713334560394287e-01
2.185433357954025269e-01,6.196759939193725586e-01
4.178102612495422363e-01,-6.019637584686279297e-01
-7.771826982498168945e-01,2.691425383090972900e-01
-8.726717233657836914e-01,1.154478549957275391e+00
1.233873248100280762e+00,7.201268672943115234e-01
1.471504211425781250e+00,-9.338944405317306519e-02
4.622588679194450378e-02,2.282369285821914673e-01
1.842103958129882812e+00,3.543563783168792725e-01
-1.781570911407470703e-01,-1.807956211268901825e-02
2.023897618055343628e-01,1.155241012573242188e+00
6.946904659271240234e-01,6.375284194946289062e-01
-1.655158400535583496e+00,1.146119594573974609e+00
-1.053584933280944824e+00,-1.580732464790344238e-01
2.584873735904693604e-01,1.326416373252868652e+00
-9.230961799621582031e-01,-2.931228280067443848e-01
5.007234215736389160e-01,4.974222183227539062e-02
-6.451069712638854980e-01,6.733242869377136230e-01
-1.291236042976379395e+00,-1.036190867424011230e+00
-1.952231973409652710e-01,-1.146729826927185059e+00
1.553478837013244629e+00,-6.863047480583190918e-01
-9.656060338020324707e-01,-2.520937621593475342e-01
2.673553824424743652e-01,1.094213843345642090e+00
1.148108839988708496e+00,1.338926851749420166e-01
1.908302307128906250e+00,1.910413026809692383e+00
-2.232648283243179321e-01,-5.636396408081054688e-01
5.762743949890136719e-01,3.231890499591827393e-01
1.022412776947021484e+00,-4.592344760894775391e-01
-8.005879521369934082e-01,-7.127050757408142090e-01
1.149657607078552246e+00,7.466093301773071289e-01
-1.132648587226867676e+00,-1.400702118873596191e+00
-1.245345920324325562e-01,-5.127506852149963379e-01
3.797761723399162292e-02,-5.166587233543395996e-01
-2.657050490379333496e-01,-8.898934721946716309e-01
1.081709504127502441e+00,1.077068597078323364e-01
-1.344282507896423340e+00,2.659555375576019287e-01
6.432390213012695312e-01,9.189595580101013184e-01
-9.033977240324020386e-02,-3.795806467533111572e-01
2.123390138149261475e-01,-4.510804414749145508e-01
1.665260910987854004e+00,-1.883384943008422852e+00
-1.663366198539733887e+00,-1.260650992393493652e+00
-1.542129039764404297e+00,-8.605923652648925781e-01
-1.206390738487243652e+00,1.803868114948272705e-01
-6.145550608634948730e-01,8.722733259201049805e-01
-1.911046743392944336e+00,1.675310879945755005e-01
1.521386504173278809e+00,-8.714718222618103027e-01
-4.313021898269653320e-01,9.204880595207214355e-01
-5.255290269851684570e-01,2.329228371381759644e-01
-5.581663846969604492e-01,-1.271455138921737671e-01
-1.471035242080688477e+00,-1.047422647476196289e+00
8.177436590194702148e-01,-4.683646559715270996e-01
7.168973982334136963e-02,-5.130414664745330811e-02
-1.301434934139251709e-01,8.360899686813354492e-01
3.856941461563110352e-01,1.004639029502868652e+00
1.090649127960205078e+00,1.092021226882934570e+00
-4.674305915832519531e-01,5.869678035378456116e-02
8.619780540466308594e-01,5.983389616012573242e-01
4.785181581974029541e-01,-1.830859780311584473e+00
-1.106411814689636230e+00,3.202040791511535645e-01
-4.012064039707183838e-01,-4.236909747123718262e-01
-3.765150904655456543e-01,-5.579867959022521973e-01
-1.139828205108642578e+00,1.340458095073699951e-01
2.274122714996337891e+00,-1.233010768890380859e+00
2.612313985824584961e+00,-1.068171143531799316e+00
-1.709227919578552246e+00,-1.033459186553955078e+00
1.019303724169731140e-01,9.817136526107788086e-01
-1.753675818443298340e+00,3.399449214339256287e-02
-1.287643432617187500e+00,6.282272934913635254e-02
2.860390543937683105e-01,2.039100170135498047e+00
7.361933588981628418e-01,8.745438605546951294e-02
7.003686428070068359e-01,-2.871801555156707764e-01
1.156778812408447266e+00,-2.008148193359375000e+00
2.777507007122039795e-01,8.882377147674560547e-01
-9.291796684265136719e-01,-1.107024073600769043e+00
-9.289901256561279297e-01,-1.974130272865295410e-01
-9.873764514923095703e-01,-8.476426452398300171e-02
4.410326015204191208e-03,-1.703604578971862793e+00
9.857083559036254883e-01,-4.712443798780441284e-02
5.114750936627388000e-03,-1.166799198836088181e-02
-5.738746523857116699e-01,-3.873583078384399414e-01
-5.256251692771911621e-01,3.991168141365051270e-01
1.498515248298645020e+00,-2.199089974164962769e-01
8.446061611175537109e-01,-8.272073268890380859e-01
1.901480793952941895e+00,5.590422153472900391e-01
-2.440210878849029541e-01,-5.868196859955787659e-02
1.034911990165710449e+00,-2.995551526546478271e-01
1.960188269615173340e+00,-1.904346227645874023e+00
7.453780174255371094e-01,2.296289205551147461e-01
1.084131479263305664e+00,-1.557203531265258789e+00
-6.639724373817443848e-01,-3.551649153232574463e-01
1.015878677368164062e+00,5.802868604660034180e-01
1.339429855346679688e+00,3.722595870494842529e-01
1.901637166738510132e-01,-4.198791384696960449e-01
-9.035759568214416504e-01,3.198218941688537598e-01
7.527094483375549316e-01,1.317538261413574219e+00
3.423765003681182861e-01,1.855190992355346680e+00
2.027205705642700195e+00,-6.220167875289916992e-01
4.542393088340759277e-01,8.872357010841369629e-02
2.340720444917678833e-01,-1.717759847640991211e+00
1.173746228218078613e+00,-1.932168155908584595e-01
1.201427876949310303e-01,-1.458861827850341797e+00
1.141935944557189941e+00,-2.860434353351593018e-01
-1.450730204582214355e+00,2.603245079517364502e-01
1.110622845590114594e-02,8.927782773971557617e-01
6.406307220458984375e-01,9.883552789688110352e-01
4.596976041793823242e-01,-2.061012834310531616e-01
-3.779688179492950439e-01,-1.019536972045898438e+00
-1.485568165779113770e+00,3.644951432943344116e-02
1.035682082176208496e+00,1.750124931335449219e+00
1.339850276708602905e-01,8.133952617645263672e-01
-3.364631831645965576e-01,-8.349277973175048828e-01
9.642786979675292969e-01,9.726191163063049316e-01
-6.349110007286071777e-01,1.987797617912292480e+00
4.818255305290222168e-01,-4.747298657894134521e-01
-7.959415763616561890e-02,-3.062758743762969971e-01
3.619142621755599976e-02,-7.790863513946533203e-01
-1.852940022945404053e-01,1.425193063914775848e-02
-1.587259411811828613e+00,1.645869016647338867e+00
-6.404873132705688477e-01,-5.134810209274291992e-01
-9.540037512779235840e-01,-1.888393282890319824e+00
5.824334621429443359e-01,-1.244078636169433594e+00
-6.414836049079895020e-01,-1.575347900390625000e+00
-6.191984415054321289e-01,1.092795610427856445e+00
1.362252593040466309e+00,-8.146024942398071289e-01
-7.964851260185241699e-01,4.984638988971710205e-01
-2.573687314987182617e+00,1.255489736795425415e-01
-1.948467046022415161e-01,-8.797921985387802124e-02
-1.654028654098510742e+00,-1.504714488983154297e+00
-1.415768265724182129e+00,1.092358112335205078e+00
-2.175308227539062500e+00,2.026970624923706055e+00
8.944712877273559570e-01,-1.174908638000488281e+00
-8.237166702747344971e-02,-2.663123607635498047e+00
2.759767055511474609e+00,1.472385883331298828e+00
1.142839789390563965e+00,-1.879317313432693481e-01
6.311814188957214355e-01,6.478992849588394165e-02
1.622573137283325195e-01,-2.947227656841278076e-02
4.935109913349151611e-01,4.811778962612152100e-01
8.619309663772583008e-01,-1.436114549636840820e+00
-1.443651080131530762e+00,8.132112026214599609e-01
-9.400503039360046387e-01,5.729171633720397949e-01
4.074947834014892578e-01,9.854805469512939453e-01
3.269069194793701172e-01,-1.380475640296936035e+00
1.054218888282775879e+00,-1.554963350296020508e+00
1.297172427177429199e+00,3.800214231014251709e-01
7.225252389907836914e-01,-3.401641845703125000e-01
-2.793596088886260986e-01,2.995437681674957275e-01
-2.207271099090576172e+00,7.375322580337524414e-01
1.690845489501953125e+00,3.162637650966644287e-01
1.414947152137756348e+00,-1.733020693063735962e-01
-1.722427725791931152e+00,-4.494092985987663269e-02
1.505142003297805786e-01,-1.247056603431701660e+00
-5.187541842460632324e-01,-3.267053663730621338e-01
-5.439934134483337402e-02,4.664427936077117920e-01
-1.577625393867492676e+00,3.217693865299224854e-01
6.361161917448043823e-02,-2.060230821371078491e-01
3.386003077030181885e-01,2.665704786777496338e-01
-1.496458768844604492e+00,7.612537145614624023e-01
1.696325063705444336e+00,-4.534809887409210205e-01
-3.080982685089111328e+00,2.075404524803161621e-01
-4.861775413155555725e-02,6.042232513427734375e-01
1.601725935935974121e+00,-2.971461117267608643e-01
2.999596893787384033e-01,3.025221228599548340e-01
-1.933573722839355469e+00,9.176046252250671387e-01
2.792288064956665039e-01,-1.154256582260131836e+00
5.185813307762145996e-01,6.908961534500122070e-01
3.545230925083160400e-01,-5.626518726348876953e-01
-1.856701850891113281e+00,-1.056080579757690430e+00
1.278951883316040039e+00,5.785404145717620850e-02
8.775574564933776855e-01,6.782664060592651367e-01
1.782960891723632812e+00,1.451314449310302734e+00
1.790380120277404785e+00,-1.073064327239990234e+00
-7.379769682884216309e-01,1.749573826789855957e+00
-5.302931070327758789e-01,-2.023278236389160156e+00
-3.323185443878173828e-01,-1.425037264823913574e+00
7.798959016799926758e-01,3.137174844741821289e-01
-1.546934366226196289e+00,-9.923549294471740723e-01
-5.272406935691833496e-01,8.099201917648315430e-01
-2.056655734777450562e-01,4.514236748218536377e-01
-1.039454102516174316e+00,4.172147810459136963e-01
-4.098470509052276611e-01,-2.045001983642578125e-01
8.255506157875061035e-01,-1.087253451347351074e+00
-4.255893230438232422e-01,-2.600231766700744629e-01
-4.476921260356903076e-02,1.707074165344238281e+00
-1.320396512746810913e-01,-1.511896252632141113e+00
6.891413927078247070e-01,1.278264522552490234e-01
1.027074098587036133e+00,8.552053570747375488e-01
-3.142239451408386230e-01,2.051056325435638428e-01
-2.690640985965728760e-01,7.898208498954772949e-02
1.225791573524475098e+00,3.267894089221954346e-01
-9.488841295242309570e-01,1.453306436538696289e+00
-5.680386424064636230e-01,-1.165045142173767090e+00
3.268375992774963379e-01,-1.041415214538574219e+00
-1.572736501693725586e-01,-2.952311635017395020e-01
7.832847833633422852e-01,-1.534605503082275391e+00
-1.033129692077636719e-01,-2.237132310867309570e+00
-2.668382823467254639e-01,-7.326602339744567871e-01
-6.534259319305419922e-01,-1.387384414672851562e+00
-1.407976150512695312e+00,1.431082934141159058e-01
1.541480302810668945e+00,-2.125808447599411011e-01
-1.277000904083251953e+00,1.820656776428222656e+00
6.002851724624633789e-01,-6.660727262496948242e-01
-6.107723712921142578e-01,3.717168867588043213e-01
-2.367366075515747070e+00,-1.360960006713867188e-01
-9.449427127838134766e-01,-1.143503859639167786e-01
5.947821736335754395e-01,-2.635063529014587402e-01
-3.591602146625518799e-01,3.706595897674560547e-01
-1.287404417991638184e+00,-8.018723726272583008e-01
-1.045691221952438354e-01,-3.185898363590240479e-01
-2.435536980628967285e-01,6.617649197578430176e-01
-1.727267980575561523e+00,7.148548364639282227e-01
-4.576213657855987549e-01,-1.164613723754882812e+00
7.426050305366516113e-01,1.236397847533226013e-01
1.061978459358215332e+00,-2.392373830080032349e-01
-9.360928535461425781e-01,-7.976596355438232422e-01
-7.664534449577331543e-01,-1.619669556617736816e+00
-1.152603745460510254e+00,-1.654487252235412598e+00
-1.418639779090881348e+00,-1.387940496206283569e-01
4.492788314819335938e-01,-1.128574728965759277e+00
-1.092339515686035156e+00,-4.030430316925048828e-01
-1.077956318855285645e+00,6.493353247642517090e-01
-9.913711547851562500e-01,6.956937909126281738e-01
1.059989809989929199e+00,3.433182835578918457e-01
-2.187080532312393188e-01,8.911290764808654785e-01
-4.173755049705505371e-01,1.390444040298461914e+00
-4.520006105303764343e-02,5.775948166847229004e-01
1.886928677558898926e+00,-1.065478175878524780e-01
-1.499443054199218750e-01,3.928309381008148193e-01
7.194812297821044922e-01,1.863545775413513184e+00
-1.648659557104110718e-01,-1.715168952941894531e+00
-7.123280763626098633e-01,-6.907733678817749023e-01
2.294870615005493164e+00,1.759850502014160156e+00
2.625527381896972656e-01,1.107126697897911072e-01
4.780670642852783203e+00,6.659277439117431641e+00
4.828765869140625000e+00,6.510105609893798828e+00
5.066905498504638672e+00,5.741266727447509766e+00
6.057638168334960938e+00,5.140991210937500000e+00
6.995030403137207031e+00,4.533480167388916016e+00
5.220324039459228516e+00,5.967673301696777344e+00
5.151264190673828125e+00,6.270879745483398438e+00
5.999575614929199219e+00,7.412672519683837891e+00
5.434693336486816406e+00,6.812294960021972656e+00
8.409543037414550781e+00,4.076452255249023438e+00
4.346007347106933594e+00,5.624348163604736328e+00
6.162405014038085938e+00,5.060570716857910156e+00
4.361149311065673828e+00,6.094855308532714844e+00
6.015986919403076172e+00,6.555791378021240234e+00
7.014647006988525391e+00,6.256744861602783203e+00
6.257637500762939453e+00,7.707431793212890625e+00
6.731600284576416016e+00,5.818069458007812500e+00
7.083259582519531250e+00,4.767750740051269531e+00
5.785530090332031250e+00,5.477475643157958984e+00
5.792914867401123047e+00,6.133501529693603516e+00
6.522329330444335938e+00,4.726369857788085938e+00
6.875775337219238281e+00,5.214479446411132812e+00
5.545645236968994141e+00,4.657120704650878906e+00
4.986505508422851562e+00,6.258314609527587891e+00
7.010919570922851562e+00,8.031299591064453125e+00
5.709482192993164062e+00,5.789258956909179688e+00
6.074043750762939453e+00,4.765037536621093750e+00
4.714627742767333984e+00,5.475854396820068359e+00
5.896224498748779297e+00,5.532109737396240234e+00
5.811402320861816406e+00,5.835024356842041016e+00
6.750756740570068359e+00,5.382289409637451172e+00
6.130740642547607422e+00,5.539571762084960938e+00
5.382463932037353516e+00,6.031427383422851562e+00
6.169097423553466797e+00,6.094813823699951172e+00
5.658656120300292969e+00,4.749005317687988281e+00
5.574824333190917969e+00,7.306390762329101562e+00
4.610127925872802734e+00,5.103970050811767578e+00
5.412464141845703125e+00,6.706639766693115234e+00
5.401039123535156250e+00,7.468900203704833984e+00
6.585927009582519531e+00,6.547607421875000000e+00
5.106575965881347656e+00,6.392818927764892578e+00
5.794039726257324219e+00,6.441470146179199219e+00
5.975850105285644531e+00,5.250492095947265625e+00
7.600273609161376953e+00,7.424399375915527344e+00
7.886238574981689453e+00,7.594860076904296875e+00
6.645376205444335938e+00,6.891509056091308594e+00
3.401136398315429688e+00,5.164526462554931641e+00
6.352128982543945312e+00,6.057800292968750000e+00
8.275676727294921875e+00,3.590633392333984375e+00
6.984154224395751953e+00,6.607962608337402344e+00
6.581297397613525391e+00,4.870440483093261719e+00
6.844525337219238281e+00,5.837797164916992188e+00
5.298746109008789062e+00,6.775912761688232422e+00
6.137343406677246094e+00,6.194846153259277344e+00
3.114881038665771484e+00,4.263164997100830078e+00
6.000287532806396484e+00,6.180985450744628906e+00
5.674795150756835938e+00,5.848336219787597656e+00
6.539692878723144531e+00,5.655065059661865234e+00
6.421887874603271484e+00,7.140441894531250000e+00
7.007234096527099609e+00,6.394569396972656250e+00
5.230721473693847656e+00,5.999348640441894531e+00
6.000451087951660156e+00,4.449886322021484375e+00
4.816046714782714844e+00,6.561806201934814453e+00
6.738299846649169922e+00,5.815261840820312500e+00
4.915087699890136719e+00,7.273143291473388672e+00
6.577813148498535156e+00,4.222716331481933594e+00
5.806740283966064453e+00,5.847321033477783203e+00
4.322077274322509766e+00,5.581801414489746094e+00
5.838141918182373047e+00,5.098082065582275391e+00
6.770639896392822266e+00,5.714454650878906250e+00
5.074197769165039062e+00,6.951934337615966797e+00
6.217050552368164062e+00,7.084688186645507812e+00
5.913386344909667969e+00,5.435445308685302734e+00
6.402219295501708984e+00,5.925766944885253906e+00
5.698779106140136719e+00,3.976279020309448242e+00
6.868156433105468750e+00,4.573561191558837891e+00
6.306147098541259766e+00,7.455106258392333984e+00
8.292491912841796875e+00,6.027812480926513672e+00
7.091280937194824219e+00,6.377985477447509766e+00
5.910688877105712891e+00,7.006066322326660156e+00
7.371849536895751953e+00,6.636723518371582031e+00
7.234405517578125000e+00,6.138963222503662109e+00
5.699939250946044922e+00,6.685801982879638672e+00
5.416020393371582031e+00,4.351603031158447266e+00
6.739106655120849609e+00,6.030350208282470703e+00
5.149961948394775391e+00,4.844551086425781250e+00
5.237801074981689453e+00,6.510955810546875000e+00
6.073746204376220703e+00,4.436466217041015625e+00
5.902744293212890625e+00,6.581686019897460938e+00
6.128049373626708984e+00,6.880141258239746094e+00
6.819640636444091797e+00,4.712757587432861328e+00
6.300312519073486328e+00,4.837247848510742188e+00
7.268002510070800781e+00,6.454893589019775391e+00
5.040701866149902344e+00,6.910696029663085938e+00
3.996542692184448242e+00,4.863178730010986328e+00
6.502438068389892578e+00,6.552633285522460938e+00
7.864110946655273438e+00,4.816726684570312500e+00
5.114861965179443359e+00,7.173554897308349609e+00
7.198151111602783203e+00,7.253670215606689453e+00
5.989294052124023438e+00,7.325347423553466797e+00
4.531110763549804688e+00,5.608368873596191406e+00
6.845010757446289062e+00,6.005647659301757812e+00
4.991116046905517578e+00,7.670877933502197266e+00
5.824070453643798828e+00,5.927470684051513672e+00
5.234136104583740234e+00,4.291191577911376953e+00
6.768100261688232422e+00,7.108718395233154297e+00
5.310335159301757812e+00,5.887675285339355469e+00
5.027413845062255859e+00,5.426503181457519531e+00
7.066155433654785156e+00,6.894804954528808594e+00
6.404557704925537109e+00,6.693900108337402344e+00
5.161260128021240234e+00,6.698812484741210938e+00
7.611261844635009766e+00,6.373923778533935547e+00
5.668176651000976562e+00,5.759078025817871094e+00
6.403327465057373047e+00,4.731105327606201172e+00
5.544240951538085938e+00,6.363604545593261719e+00
5.669758319854736328e+00,5.028278350830078125e+00
6.541135787963867188e+00,5.085465431213378906e+00
6.623026847839355469e+00,6.537819862365722656e+00
6.326200485229492188e+00,7.390402793884277344e+00
5.631189823150634766e+00,7.139077663421630859e+00
6.802618503570556641e+00,5.242502689361572266e+00
6.054278373718261719e+00,6.399836540222167969e+00
5.633497238159179688e+00,5.512719631195068359e+00
5.114770412445068359e+00,4.760062694549560547e+00
6.378816604614257812e+00,4.799176216125488281e+00
4.683758258819580078e+00,6.034075736999511719e+00
4.569367408752441406e+00,5.620366096496582031e+00
5.558310508728027344e+00,4.561220645904541016e+00
4.202332019805908203e+00,4.510558128356933594e+00
5.111266136169433594e+00,8.739750862121582031e+00
5.687511444091796875e+00,3.863713741302490234e+00
5.893800735473632812e+00,5.876736164093017578e+00
5.899903774261474609e+00,4.669242382049560547e+00
6.019673824310302734e+00,4.909999847412109375e+00
6.969491958618164062e+00,4.629915237426757812e+00
5.399395465850830078e+00,5.470147609710693359e+00
5.415792942047119141e+00,6.187214851379394531e+00
6.924342155456542969e+00,6.800806522369384766e+00
3.610490560531616211e+00,6.520930767059326172e+00
5.296552181243896484e+00,6.382288455963134766e+00
5.526433467864990234e+00,6.866798400878906250e+00
5.479692935943603516e+00,4.162565231323242188e+00
4.678077220916748047e+00,6.487727165222167969e+00
4.408830642700195312e+00,3.691687583923339844e+00
5.980511188507080078e+00,5.096206665039062500e+00
6.523797035217285156e+00,7.144287109375000000e+00
4.716376781463623047e+00,4.667808055877685547e+00
4.770465850830078125e+00,6.119126796722412109e+00
6.707555770874023438e+00,6.543408393859863281e+00
6.673673152923583984e+00,5.245610237121582031e+00
6.801618099212646484e+00,6.394553661346435547e+00
6.667518138885498047e+00,6.113406181335449219e+00
5.573180198669433594e+00,6.254913806915283203e+00
5.319726467132568359e+00,8.935579299926757812e+00
6.370576381683349609e+00,5.733978271484375000e+00
4.479860305786132812e+00,6.727134704589843750e+00
6.009507656097412109e+00,6.260845661163330078e+00
6.636825084686279297e+00,4.030421733856201172e+00
5.874414920806884766e+00,6.050792694091796875e+00
5.094147682189941406e+00,5.603056907653808594e+00
5.159167766571044922e+00,6.756291866302490234e+00
6.252967357635498047e+00,6.612406730651855469e+00
6.589126110076904297e+00,7.103024005889892578e+00
5.355939865112304688e+00,5.868346691131591797e+00
7.116094589233398438e+00,6.130989074707031250e+00
5.788437843322753906e+00,7.788145542144775391e+00
6.412111759185791016e+00,5.805714130401611328e+00
5.327749252319335938e+00,5.078880310058593750e+00
4.856699466705322266e+00,5.594270706176757812e+00
7.889454364776611328e+00,9.077805519104003906e+00
7.147321701049804688e+00,6.633360862731933594e+00
4.858119010925292969e+00,5.755287170410156250e+00
5.126540660858154297e+00,5.938382625579833984e+00
6.004415035247802734e+00,7.230722427368164062e+00
8.386128425598144531e+00,4.516263484954833984e+00
6.015680313110351562e+00,6.476369380950927734e+00
7.255579471588134766e+00,7.018868446350097656e+00
6.306072235107421875e+00,6.316923141479492188e+00
5.517259120941162109e+00,5.535177230834960938e+00
4.271642208099365234e+00,7.208915233612060547e+00
6.386219978332519531e+00,6.387987136840820312e+00
7.901061534881591797e+00,5.181578636169433594e+00
6.535418987274169922e+00,7.201252460479736328e+00
4.403821945190429688e+00,7.828073024749755859e+00
5.772171974182128906e+00,6.126332283020019531e+00
4.926711559295654297e+00,6.725897789001464844e+00
5.714867115020751953e+00,6.249141216278076172e+00
6.655716896057128906e+00,8.114563941955566406e+00
7.559541225433349609e+00,6.269422054290771484e+00
7.215786933898925781e+00,6.382302284240722656e+00
7.526813507080078125e+00,5.733505249023437500e+00
7.079086303710937500e+00,6.401391506195068359e+00
6.697734832763671875e+00,6.546139240264892578e+00
6.304043292999267578e+00,3.858646869659423828e+00
4.733510494232177734e+00,5.875572204589843750e+00
6.443317890167236328e+00,5.994071960449218750e+00
6.067827224731445312e+00,4.519427776336669922e+00
5.582148551940917969e+00,5.848766326904296875e+00
5.491898536682128906e+00,7.095732212066650391e+00
5.862976551055908203e+00,6.300881862640380859e+00
6.588758468627929688e+00,7.921657562255859375e+00
5.716468334197998047e+00,6.403785228729248047e+00
5.979013919830322266e+00,6.347240447998046875e+00
5.949566841125488281e+00,8.428614616394042969e+00
5.261610984802246094e+00,5.609110355377197266e+00
6.800412654876708984e+00,6.689492702484130859e+00
4.900825500488281250e+00,6.224660396575927734e+00
6.491238117218017578e+00,7.933567523956298828e+00
7.184774875640869141e+00,6.275276184082031250e+00
5.846652507781982422e+00,5.357703208923339844e+00
6.213914394378662109e+00,5.345278263092041016e+00
7.584594249725341797e+00,6.611297130584716797e+00
6.894370079040527344e+00,7.062028408050537109e+00
6.752980232238769531e+00,6.479366302490234375e+00
5.760451316833496094e+00,5.919698238372802734e+00
5.082820892333984375e+00,6.422471523284912109e+00
6.921752452850341797e+00,8.212718009948730469e+00
6.560631275177001953e+00,6.275741577148437500e+00
7.086707592010498047e+00,7.249346733093261719e+00
4.818404674530029297e+00,6.124636173248291016e+00
6.195739269256591797e+00,8.133521080017089844e+00
6.382944583892822266e+00,4.745390415191650391e+00
4.245910644531250000e+00,5.539406776428222656e+00
5.687209606170654297e+00,6.082067012786865234e+00
5.105580806732177734e+00,5.799861431121826172e+00
5.892144680023193359e+00,7.008367061614990234e+00
4.492350101470947266e+00,5.797668933868408203e+00
4.341817378997802734e+00,7.662667751312255859e+00
7.064881324768066406e+00,5.821585655212402344e+00
6.372855186462402344e+00,5.020130157470703125e+00
4.639527320861816406e+00,7.999310493469238281e+00
6.864836692810058594e+00,7.741924762725830078e+00
5.489892482757568359e+00,6.154264926910400391e+00
6.826411247253417969e+00,5.384378433227539062e+00
4.389686584472656250e+00,8.336434364318847656e+00
7.383142948150634766e+00,5.681920051574707031e+00
7.372544765472412109e+00,5.570056438446044922e+00
7.370891571044921875e+00,4.708506107330322266e+00
5.753403663635253906e+00,6.526557922363281250e+00
5.450839519500732422e+00,5.860164165496826172e+00
6.046087741851806641e+00,5.199823379516601562e+00
6.586946010589599609e+00,6.569800853729248047e+00
6.170104026794433594e+00,6.652456760406494141e+00
5.656635761260986328e+00,6.322124004364013672e+00
6.759586334228515625e+00,6.218004703521728516e+00
4.562525749206542969e+00,4.837935447692871094e+00
5.678199291229248047e+00,5.218245983123779297e+00
6.774825096130371094e+00,7.531221866607666016e+00
6.634947776794433594e+00,6.730872154235839844e+00
7.070317745208740234e+00,6.457469463348388672e+00
6.715973377227783203e+00,7.095360279083251953e+00
5.213994979858398438e+00,6.403410911560058594e+00
6.758788108825683594e+00,4.713888645172119141e+00
6.455772399902343750e+00,6.265980243682861328e+00
5.670039653778076172e+00,6.992009639739990234e+00
6.482905387878417969e+00,5.863623142242431641e+00
5.716351985931396484e+00,5.903270721435546875e+00
4.748258113861083984e+00,5.776172161102294922e+00
5.511283397674560547e+00,5.805838108062744141e+00
6.215062618255615234e+00,6.543222427368164062e+00
7.725540161132812500e+00,5.396387100219726562e+00
4.383138179779052734e+00,7.758427619934082031e+00
5.886198043823242188e+00,6.304143428802490234e+00
5.847859859466552734e+00,5.137894630432128906e+00
4.302981853485107422e+00,6.807512283325195312e+00
4.527312755584716797e+00,4.785039901733398438e+00
5.881335735321044922e+00,7.033670902252197266e+00
5.430391788482666016e+00,5.722868919372558594e+00
4.546143531799316406e+00,5.293167591094970703e+00
6.030197620391845703e+00,6.259331226348876953e+00
6.266646385192871094e+00,5.248687267303466797e+00
7.258379459381103516e+00,5.096036911010742188e+00
6.513487815856933594e+00,6.548255443572998047e+00
6.057568550109863281e+00,5.540592193603515625e+00
7.174006462097167969e+00,4.822985649108886719e+00
4.379726886749267578e+00,6.158440113067626953e+00
6.827851295471191406e+00,6.432794094085693359e+00
7.305395603179931641e+00,6.884014606475830078e+00
4.224205970764160156e+00,5.587997436523437500e+00
6.763921260833740234e+00,6.290931701660156250e+00
3.493961095809936523e+00,4.243840217590332031e+00
4.405540466308593750e+00,5.870659351348876953e+00
4.635864257812500000e+00,6.490954875946044922e+00
5.539587974548339844e+00,6.146455287933349609e+00
5.419596195220947266e+00,4.676501274108886719e+00
6.723971366882324219e+00,5.906323432922363281e+00
6.702878952026367188e+00,5.604634284973144531e+00
4.890782833099365234e+00,7.176918983459472656e+00
6.778723716735839844e+00,3.252418518066406250e+00
5.199636459350585938e+00,5.479655265808105469e+00
4.890861034393310547e+00,8.551936149597167969e+00
6.268228054046630859e+00,7.389123439788818359e+00
7.655366897583007812e+00,6.817788124084472656e+00
5.371622562408447266e+00,3.870975732803344727e+00
6.524163722991943359e+00,3.943575859069824219e+00
5.994580268859863281e+00,6.316105365753173828e+00
5.633288383483886719e+00,7.165435314178466797e+00
7.402485370635986328e+00,6.852395057678222656e+00
6.374816417694091797e+00,8.417567253112792969e+00
8.339924812316894531e+00,7.524031162261962891e+00
1.185141468048095703e+01,1.590127563476562500e+01
7.540052413940429688e+00,1.867889404296875000e+01
-1.602433204650878906e+01,1.060048580169677734e+01
-1.794092893600463867e+00,1.224641227722167969e+01
2.074050140380859375e+01,2.129319000244140625e+01
5.175204753875732422e+00,7.164948940277099609e+00
8.325094223022460938e+00,-1.970414733886718750e+01
6.362502574920654297e+00,1.096833038330078125e+01
-5.438937187194824219e+00,-8.277050018310546875e+00
4.127423286437988281e+00,-4.515609145164489746e-01
2.417174148559570312e+01,5.935853004455566406e+00
-1.400304031372070312e+01,1.853689193725585938e+01
7.068815231323242188e+00,-4.226291656494140625e+00
-1.655590820312500000e+01,4.052050113677978516e+00
-1.540579986572265625e+01,-1.130147647857666016e+01
1.870676875114440918e-01,1.644782257080078125e+01
1.763512730598449707e+00,-1.931426239013671875e+01
6.398796081542968750e+00,4.242731571197509766e+00
5.804798603057861328e-01,1.061586380004882812e+01
1.503663825988769531e+01,-1.710926818847656250e+01
-1.878941917419433594e+01,1.150064849853515625e+01
3.942691087722778320e+00,4.724943637847900391e+00
-2.678328990936279297e+00,-7.126733303070068359e+00
-1.906225967407226562e+01,9.501703262329101562e+00
1.213871192932128906e+01,-6.696793556213378906e+00
-1.139068317413330078e+01,-7.970949172973632812e+00
-1.327074050903320312e+01,-4.385962963104248047e+00
9.429356575012207031e+00,-1.896047890186309814e-01
2.187418746948242188e+01,-4.725634098052978516e+00
-3.505336523056030273e+00,1.017885589599609375e+01
-3.772531509399414062e+00,6.364756584167480469e+00
8.442151069641113281e+00,-5.432837009429931641e+00
1.485263347625732422e+01,2.452214717864990234e+00
-8.001994132995605469e+00,-7.210394859313964844e+00
-6.030718803405761719e+00,-1.411511301994323730e+00
2.532385349273681641e+00,1.046314811706542969e+01
1.738190269470214844e+01,-2.291199684143066406e+00
7.972133636474609375e+00,-3.442438364028930664e+00
1.105218315124511719e+01,-3.575874328613281250e+00
7.220136165618896484e+00,7.354782819747924805e-01
2.084657096862792969e+01,2.507352447509765625e+01
3.815545439720153809e-01,9.449605941772460938e+00
1.061942386627197266e+01,-1.004961681365966797e+01
1.329477691650390625e+01,1.000278854370117188e+01
-9.646458029747009277e-01,5.422994613647460938e+00
9.268115997314453125e+00,1.620340538024902344e+01
-1.263786435127258301e+00,1.039988899230957031e+01
-1.901450395584106445e+00,5.481156826019287109e+00
-1.536432743072509766e+01,2.126757144927978516e+00
-1.043589687347412109e+01,4.885763645172119141e+00
1.103178215026855469e+01,-6.677719116210937500e+00
1.867253112792968750e+01,7.518352508544921875e+00
-6.688493728637695312e+00,-2.216779947280883789e+00
5.020008563995361328e+00,1.892708778381347656e+01
2.348212718963623047e+00,4.006400108337402344e-01
1.264222526550292969e+01,1.641837120056152344e+01
1.044607543945312500e+01,1.774769401550292969e+01
7.438127517700195312e+00,1.523288917541503906e+01
-9.823052406311035156e+00,-8.977285385131835938e+00
1.750827598571777344e+01,-9.639311790466308594e+00
1.231568241119384766e+01,1.070101356506347656e+01
-8.289191246032714844e+00,-1.168818235397338867e+00
8.290983200073242188e+00,-2.529351997375488281e+01
6.209147930145263672e+00,9.796743392944335938e-01
1.448906517028808594e+01,1.653756141662597656e+01
-6.435302734375000000e+00,-3.640175580978393555e+00
3.322744369506835938e+00,5.029207706451416016e+00
4.405974388122558594e+00,-7.082270383834838867e-01
4.028944492340087891e+00,8.243902206420898438e+00
1.090416526794433594e+01,3.012903690338134766e+00
8.320827484130859375e+00,-4.771611213684082031e+00
-5.608243942260742188e-01,-7.090713977813720703e+00
1.955828094482421875e+01,-1.290591239929199219e+01
1.434158515930175781e+01,1.145981025695800781e+01
-2.436561107635498047e+00,1.477903747558593750e+01
-3.501275062561035156e+00,-1.907681083679199219e+01
4.241271018981933594e+00,6.838290691375732422e+00
-1.901018333435058594e+01,1.987104988098144531e+01
-1.707003116607666016e+00,1.610923767089843750e+01
1.564580535888671875e+01,-6.216609954833984375e+00
-9.346801638603210449e-01,2.841925859451293945e+00
4.983384609222412109e+00,2.322572517395019531e+01
2.385403871536254883e+00,3.046718358993530273e+00
7.353070735931396484e+00,-9.441184401512145996e-01
8.984272956848144531e+00,5.368727684020996094e+00
1.775946235656738281e+01,-3.071011304855346680e+00
-2.751219749450683594e+00,-3.001022636890411377e-01
-2.489980888366699219e+01,2.508759880065917969e+01
-1.663794708251953125e+01,-5.429788589477539062e+00
3.054791927337646484e+00,9.323321580886840820e-01
1.925919651985168457e+00,6.424156665802001953e+00
6.017556190490722656e+00,2.414987754821777344e+01
-1.769531059265136719e+01,1.921801567077636719e+00
5.746676921844482422e-01,5.246379852294921875e+00
2.392168617248535156e+01,2.504015445709228516e+00
1.707488441467285156e+01,6.269183158874511719e+00
5.516603469848632812e+00,-3.732998371124267578e+00
-7.115906238555908203e+00,-7.190212249755859375e+00
-8.961448669433593750e+00,8.886784553527832031e+00
-2.557658851146697998e-01,1.694696044921875000e+01
4.379547119140625000e+00,-6.690879821777343750e+00
6.226249694824218750e+00,3.961185514926910400e-01
2.637857437133789062e+00,6.155774593353271484e+00
-1.731136322021484375e+01,-6.837240457534790039e-01
-9.082394599914550781e+00,4.777298927307128906e+00
4.694962024688720703e+00,7.462555408477783203e+00
-1.390636920928955078e+01,-7.259319782257080078e+00
8.937628746032714844e+00,1.496042060852050781e+01
6.775926113128662109e+00,-4.850559234619140625e+00
1.179753899574279785e+00,3.793294429779052734e-01
5.548738479614257812e+00,7.301346302032470703e+00
-5.011088848114013672e+00,2.831205129623413086e+00
4.424758434295654297e+00,9.198036193847656250e+00
-1.736629962921142578e+00,-7.231717109680175781e+00
1.152918457984924316e+00,7.691058158874511719e+00
4.915628910064697266e+00,1.609481811523437500e+01
3.942106485366821289e+00,-2.302567213773727417e-01
1.553270816802978516e+01,2.709553956985473633e+00
2.887680530548095703e+00,1.785862731933593750e+01
-7.481189250946044922e+00,6.685155391693115234e+00
-6.534893989562988281e+00,3.765078067779541016e+00
8.863231658935546875e+00,-2.500569343566894531e+00
-9.214882850646972656e+00,-1.457957839965820312e+01
1.145175075531005859e+01,1.839757728576660156e+01
1.239987468719482422e+01,3.179732131958007812e+01
4.872723102569580078e+00,-2.834768295288085938e-01
2.928091621398925781e+01,-2.741992712020874023e+00
-9.923487663269042969e+00,4.255647659301757812e+00
-3.152738571166992188e+00,1.578768920898437500e+01
-1.804997444152832031e+01,-1.166821289062500000e+01
1.001004028320312500e+01,-2.461295127868652344e+00
4.813019752502441406e+00,3.873502254486083984e+00
-8.512591361999511719e+00,-4.866044521331787109e+00
1.409252071380615234e+01,1.302958393096923828e+01
5.556864738464355469e+00,-3.331561660766601562e+01
-1.351807594299316406e+01,-1.201942801475524902e+00
4.920613765716552734e+00,6.180722236633300781e+00
2.995344161987304688e+01,-7.420597553253173828e+00
-1.049501514434814453e+01,-1.260538387298583984e+01
-1.536407709121704102e+00,4.362399101257324219e+00
1.109105968475341797e+01,8.731811642646789551e-01
-1.051415538787841797e+01,-6.056902885437011719e+00
8.261631011962890625e+00,-1.632399368286132812e+01
7.005303502082824707e-01,1.843107032775878906e+01
-1.446495151519775391e+01,-2.102469682693481445e+00
-1.090863895416259766e+01,4.770167350769042969e+00
1.068665122985839844e+01,1.920495414733886719e+01
-1.262878537178039551e+00,-1.138909530639648438e+01
-9.470038414001464844e+00,-1.115630245208740234e+01
2.544943237304687500e+01,-5.571579933166503906e+00
-1.575754046440124512e+00,-9.138185501098632812e+00
-6.855067610740661621e-01,1.628397178649902344e+01
-3.409555435180664062e+00,-2.160454511642456055e+00
6.342206478118896484e+00,1.540334987640380859e+01
1.490589618682861328e+01,-5.346699714660644531e+00
-1.178902573883533478e-02,-1.383582782745361328e+01
1.029002475738525391e+01,-2.689702272415161133e+00
-1.350411415100097656e+01,1.266754627227783203e+01
4.453661441802978516e+00,-4.880148410797119141e+00
-4.737387657165527344e+00,-7.582690238952636719e+00
-1.558423042297363281e+01,1.549245715141296387e+00
-1.560033798217773438e+01,1.177814197540283203e+01
-6.283071041107177734e+00,2.841989755630493164e+00
-9.743039131164550781e+00,-2.209909248352050781e+01
4.757175445556640625e+00,3.918090343475341797e+00
7.781597137451171875e+00,9.034325599670410156e+00
-1.501565074920654297e+01,-1.762286186218261719e+00
1.436097908020019531e+01,3.379069900512695312e+01
-1.392568469047546387e+00,-2.073376029729843140e-01
2.375553512573242188e+01,-1.224274158477783203e+01
1.210569572448730469e+01,1.850590705871582031e+01
7.883057594299316406e+00,1.446597480773925781e+01
-4.897125244140625000e+00,-8.364185333251953125e+00
-8.069883346557617188e+00,-1.047218704223632812e+01
8.418504714965820312e+00,-6.571582317352294922e+00
-1.349733734130859375e+01,1.726382255554199219e+01
1.519545555114746094e+00,-1.081499004364013672e+01
-1.553248786926269531e+01,1.260495781898498535e+00
3.050543069839477539e-01,8.601576089859008789e-02
-4.022282082587480545e-03,1.916199684143066406e+00
-9.051822662353515625e+00,-5.960602283477783203e+00
-7.426030158996582031e+00,5.348857879638671875e+00
6.756551265716552734e+00,1.171508216857910156e+01
7.803126335144042969e+00,-1.133581542968750000e+01
2.652117538452148438e+01,-1.039760971069335938e+01
8.506558418273925781e+00,8.555253028869628906e+00
-1.637125015258789062e+00,-1.433985137939453125e+01
-2.573322105407714844e+01,9.699028015136718750e+00
-5.492467403411865234e+00,1.386097145080566406e+01
8.148382186889648438e+00,-1.179835510253906250e+01
-4.397758841514587402e-01,5.736327648162841797e+00
3.442143678665161133e+00,-3.315033674240112305e+00
1.952812385559082031e+01,-3.262466907501220703e+00
-1.140649986267089844e+01,1.264700031280517578e+01
1.397823143005371094e+01,9.342885971069335938e+00
1.586902809143066406e+01,5.423417568206787109e+00
5.366031646728515625e+00,8.524031639099121094e+00
8.496853709220886230e-01,-4.572910308837890625e+00
1.206281852722167969e+01,-1.954570198059082031e+01
-2.306267023086547852e+00,-6.581361770629882812e+00
